productID,display_title,categoryID,subcategoryID,reviews_retreived
1005004189190589,200pcs Honeycomb Tattoo Ink Cups With Snap Splice Disposable Plastic Ink Holder Cup Professional Tattoo Pigment Cups Mixed Color,101,2000,False
1005007449336587,Soft Silicone Tattoo Ink Cups Disposable Pigment Caps Blue Permanent Tattoo Makeup Eyebrow Pigment Container Tattoo Accessories,101,2000,False
1005006096743986,7 Colors Professional Tattoo Inks 5ml Multi Colors Pigment Set Beauty Makeup Paints Bottles Tools Body Art Tattoo Accessories,101,2000,False
1005005381786528,Tattoo ink/Blue soap empty bottle 30ml 60ml 90ml 120ml 4 kinds of specifications optional black lid tattoo makeup accessories,101,2000,False
1005006156672739,Semi-Permanent Herbal Large Arm Tatto Skull Crown Rose Waterproof Temporary Tattoo Stickers Ink Lasting Fake Tattoos Women Men,101,2000,False
1005005244815258,Juice Tattoo Natural Ink Long Lasting 2 Weeks Semi-permanent Water Transfer Tattoo Stickers Large Size Arm Sleeve Tattoo Men Boy,101,2000,False
4001077149743,Tattoo Ink Nano Pigment Milkly Colors For Semi Permanent MakeUp Sets Tint Eyebrow Eyeliner Lips Beauty 3ml Microblading Pigments,101,2000,False
1005007586564840,New Top Tattoo Microblading Paint Ink 3ml Pigment For Semi Permanent Body Art Eyebrows Eyeliner Lips Tint Makeup Supplies,101,2000,False
1005006169768160,Juice Ink Lasting Waterproof Temporary Tattoo Sticker Hummingbird Leaves Genipin Herbal Body Art Fake Tatoo Men Women Arm Chest,101,2000,False
1005006987487023,Waterproof Long Lasting 2 Weeks Temporary Tattoo Stickers Leg Back Body Art Beauty Fake Tattoos Herbal Juice Ink Line Text Words,101,2000,False
1005006761644425,Borala Semi Permanent Makeup 18ML Pigments Tattoo Inks For Lips Eyebrows Eyeliners Body Art Tattoo Supplies Microblading Ink,101,2000,False
1005002611653397,100 PCS Plastic Disposable Tattoo & Permanent Makeup Pigment Ink Caps Cups Clear Container Eyelash Glue Holder Accessory Tool,101,2000,False
1005006606965891,Fake Tattoo Sleeve Arm Shoulder Muscle Men Temporary Tattoo Stickers Herbal Juice Ink Long Lasting Body Art Waterproof Tattoos,101,2000,False
32952681285,Eyebrow Microblading Kit Tattoo Blades Needles Ink Cup Manual Pen Eyebrow Stencil Pencil Practice Skin Set Permanent Makeup Kit,101,2000,False
1005006185251732,Juice Ink Lasting Waterproof Temporary Tattoo Sticker Dragon Claw Totem Genipin Herbal Body Art Fake Tatoo Men Women Arm Leg,101,2000,False
1005007500127168,Tattoo Kit T-Rex Tattoo Machine Kit Rotary Tattoo Pen with 20 Tattoo Box Needles and 10 Color Inks Complete Tattoo Gun Kit,101,2000,False
1005006215477756,Semi-Permanent Japanese-style Carp Lotus Phoenix Juice Ink Lasting Waterproof Temporary Tatto Stickers Fake Tattoos Women Men,101,2000,False
1005006189381483,Temporary Tattoo Liquid 10ml DIY Tattoo Temporary Ink Paste Juice Henna Cones Body Paint Inks for Body Art Waterproof Tattoo Ink,101,2000,False
1005005257111567,Blue Ink Waterproof Temporary Juice Tattoo Sticker Small Cross Rose Cat Heart Finger Wrist Arm Fake Tatto Body Art Women Kids,101,2000,False
1005006185306000,Semi-Permanent Tribe Geometric Lines Harajuku Waterproof Temporary Tattoos Stickers Juice Ink Lasting leg Fake Tattoo Women Men,101,2000,False
1005002176321386,Juice Lasting Ink Tattoos Body Art Waterproof Temporary Tattoo Sticker Star Totem Tatoo Arm Fake Wings Angel Love Tatto Women,101,2000,False
1005006724596039,Tattoo Sticker Waterproof Ink Lotus Flower Chinese Stlye Temporary Fake Tatoo Water Transfer for Men Women Lady Fashion Tatto,101,2000,False
1005006180864684,Juice Ink Lasting Waterproof Temporary Tattoo Sticker Butterfly Flower Totem Genipin Herbal Body Art Fake Tatoo Men Women Arm,101,2000,False
1005006987060083,Quick Tattoo Removal Serum Permanent Tattoo Remover Liquid Tattoo Ink Cleansing Gel for Deep Cleaning and Reducing Scarring,101,2000,False
1005007046078824,Long Lasting Temporary Tattoo Stickers Men Arm Sleeve Body Painting Juice Ink Fake Tattoo For Male Adult Semi Permanent Tattoos,101,2000,False
1005006078775487,Moon Star Crown Juice Ink Lasting Waterproof Temporary Tattoo Sticker Small Bow Gun Flower Fake Tatto Body Art For Women Men Arm,101,2000,False
33024200352,POPU Ink Cups 60 pcs Medium-12mm Disposable Soft White/Purple Colors for Permanent Makup & Tattoo Used,101,2000,False
32556731516,OPHIR Fluorescent Inks for Airbrush Temporary Tattoo 30ML/Bottle 8 Colors Body Painting Pigment  for Choose TA103(1-8),101,2000,False
1005006883379625,50-well 2-color Acrylic Tattoo Ink Display Stand Wall-mounted Tattoo Paint Shelf Storage Box Tattoo Accessories Too Lattachment,101,2000,False
1005003687809231,Microblading Permanent Makeup Tattoo Kit Tattoo Eyebrow Machine Gun With 2ml Organic Pigment Ink Tattoo Grips Body Art Tools,101,2000,False
1005003040260480,Permanent Makeup Machine Kit for Eyebrows Microblading Shading Eyeliner Lip Microshading PMU Machine Tattoo Pen Gun with Ink,101,2000,False
1005005625015838,Plastic Disposable Microblading Tattoo Ink Cups Permanent Makeup Pigment Clear Holder Container Cap Tattoo Accessories,101,2000,False
1005005023716357,25Pcs Tattoo Tips Sterilized Disposable Tattoo Machine Gun Nozzle Tip Plastics Needle Tube for Tattoo Needle Ink Cup Tattoo Kits,101,2000,False
1005004464787088,Juice Ink Lasting Waterproof Tattoo Sticker Clock Skull Anchor Compass Flash Full Tattoos Body Art Female Fake Tatto Men Women,101,2000,False
1005005584420152,3Pcs/Pack Large Size Temporary Tattoo Herbal Juice Ink Lasting Full Arm Sleeve Tattoo Stickers Blue Wolf Skull Tiger Tribal Rose,101,2000,False
1005006860441942,1L ODM Series 8 Permanent Makeup Tattoo Inks Pigments Women Beauty Makeup For Lips Eyebrows Eyeliners Microblading Custom Logo,101,2000,False
1005007252312363,Tattoo Gun Kit - T-Rex Complete Cordless Tattoo Machine Kit 40-Piece Cartridge Needle Tattoo Ink Practice Skin for Tattoo Artist,101,2000,False
1005007533549936,Tina Davies Permanent Makeup Inks For Eyebrows Eyeliner Lip Microblading Eyebrow Beauty Tattoo Pigment Color Art Supplies,101,2000,False
1005005033017902,12Pcs Natural Indian Henna Tattoo Ink Black Mehndi Paste Cones Cream Body Temporary Art Sticker Mehndi Body Oganic Paint,101,2000,False
1005004800009026,15ml Natural Pigment Milkly Colors For Permanent Make Set Eyebrow Eyeliner Lips Beauty Microblading Tattoo Ink Pigments Dye,101,2000,False
1005004934927253,100/200/500pcs Tattoo Stencil Print Paper A4 For New Technology Tattoo Transfer Inkject Ink Transfer Machines Tattoo Accessories,101,2000,False
4000092663859,15ml Tattoo Pigment Inks Set Eyebrow Lips EyeLiner Microblading Permanent Makeup Tattoo Paints Supplies Body Beauty Tattoo Art,101,2000,False
1005006293199578,10ml Temporary Tattoo Liquid Ink DIY Tattoo Juice Semi-non-reflective Milk Henna Tattoo Waterproof Pigment for Tattoo Body Art,101,2000,False
1005006860598236,Tattoo Sticker Moon Arrow Letters Chinese Ink Painting Pattern Waterproof Temporary Hand Arm Makeup for Women Men Body Art,101,2000,False
1005006485027080,Herbal Juice ink Long Lasting Tattoo Sticker Armband Sleeve Arm Temporary Tattoos Waterproof Semi Permanent Safe for Men Women,101,2000,False
4000963850035,2 bottle/lot package sale 38 Colors Semi Cream Permanent Makeup Pigments Microblading Microshading Tattoo Ink for Eyebrows,101,2000,False
1005006860547292,1L ODM Permanent Makeup Tattoo Pigments Long-Lasting Permanent Top Colors Inks Customize Logo For Eyebrows Eyeliners Lips Beauty,101,2000,False
1005004042522160,5/10/50Pcs Disposable Microblading Manual Tattoo Pen Permanent Makeup Pen With Ring Ink Cup,101,2000,False
1005006948638417,Angel Wings God Tattoo Stickers Realistic Juice Ink Semi Permanent Full Back Body Tattoo Temporary Lasting 2 Weeks Men Adult,101,2000,False
1005004622295776,Semi-Permanent Waterproof Temporary Tattoo Stickers Whale Ocean Text Juice Lasting Ink 7-15 Days Genipin Herbal Fake Arm Tatoo,101,2000,False
4000971958922,LUSHCOLOR 2pcs 5ML Packing Tattoo Ink Set Micro Permanent Makeup Pigment Cream pigment for eyebrow 18colors 3D Manual Tattoo Ink,101,2000,False
1005006331204256,DIY Tattoo Hand Poke and Stick Tool Kit With Tattoo Needle Holder Ink Cup Pigment Glover Grommet Bandage Set,101,2000,False
1005006194317466,Semi-Permanent Chinese Phoenix Dragon Juice Ink Lasting Herbal Waterproof Temporary Tattoo Stickers Arm Fake Tatoo Women Men,101,2000,False
1005005087188313,100pcs S/M/L Disposable Tattoo Ink Rings Cups Eyebrow Lip Tattoo Pigments Holder Ring Container Permanent Makeup Accessories,101,2000,False
1005001947371884,100Pcs Eyebrow Microblading Needles 3 Row 18/21Pin Sterilized Lip Permanent Makeup Blades Shading Tattoo Manual Pen Inks,101,2000,False
1005002053842187,Juice Ink Tattoos Body Art Lasting Waterproof Temporary Tattoo Sticker Cupid Angel Heart Tatoo Arm Fake Rose Tatto Women Men,101,2000,False
1787030591,OPHIR Common Airbrush Temporary Tattoo Ink 30 ML/Bottle Body Painting Tattoo Ink Pigment White Color_TA053,101,2000,False
4001050392233,Waterproof Temporary Juice Ink Tattoo Sticker Dragon Phoenix Peacock Tatto Fruit Gel Long Lasting Fake Tatto for Men Women,101,2000,False
1005004664499781,Waterproof Temporary Tattoo Sticker Infinite Symbol Semi-Permanent Genipin Herbal 3D Fake Tattoos Juice Lasting Ink Body Art,101,2000,False
1005004557826058,Semi-Permanent Herbal Lasting Ink Waterproof Temporary Tattoo Sticker Butterfly Flower Flash Tatto Women Men Body Art Fake Tatoo,101,2000,False
